timestamp,outside_air_temperature_c,outside_relative_humidity_pct,outside_wind_speed_m_s,outside_wind_direction_deg,outside_barometric_pressure_hpa
2026-10-01T00:00+02:00,10.4,84.2,8.5,201,1008.1
2026-10-01T00:10+02:00,10.3,84.1,11.1,211,1007.9
2026-10-01T00:20+02:00,10.3,84.9,14.3,203,1008.0
2026-10-01T00:30+02:00,10.3,86.5,14.1,211,1008.0
2026-10-01T00:40+02:00,10.5,84.2,11.6,203,1008.0
2026-10-01T00:50+02:00,10.0,83.6,12.0,203,1007.9
2026-10-01T01:00+02:00,10.3,85.9,9.4,205,1008.0
2026-10-01T01:10+02:00,9.9,86.2,13.3,210,1007.6
2026-10-01T01:20+02:00,10.1,87.4,8.2,205,1007.8
2026-10-01T01:30+02:00,9.9,86.1,9.2,213,1007.7
2026-10-01T01:40+02:00,10.0,84.2,6.7,209,1007.7
2026-10-01T01:50+02:00,9.9,85.6,11.0,203,1007.5
2026-10-01T02:00+02:00,10.0,88.5,10.0,209,1007.5
2026-10-01T02:10+02:00,9.9,87.1,8.1,211,1007.4
2026-10-01T02:20+02:00,9.6,89.0,8.6,205,1007.4
2026-10-01T02:30+02:00,9.6,87.6,8.7,208,1007.3
2026-10-01T02:40+02:00,9.8,89.1,8.6,205,1007.6
2026-10-01T02:50+02:00,9.5,87.9,6.3,215,1007.2
2026-10-01T03:00+02:00,9.6,86.9,2.6,210,1007.1
2026-10-01T03:10+02:00,9.3,88.4,6.9,210,1007.1
2026-10-01T03:20+02:00,9.3,89.6,9.0,203,1007.0
2026-10-01T03:30+02:00,9.2,89.3,9.1,209,1007.2
2026-10-01T03:40+02:00,9.2,91.9,6.3,212,1007.0
2026-10-01T03:50+02:00,9.3,90.6,7.6,203,1007.1
2026-10-01T04:00+02:00,9.4,89.5,8.9,211,1006.9
2026-10-01T04:10+02:00,9.4,90.5,5.2,212,1006.9
2026-10-01T04:20+02:00,9.1,89.8,5.1,209,1007.0
2026-10-01T04:30+02:00,9.4,90.9,4.1,214,1006.9
2026-10-01T04:40+02:00,9.3,91.2,9.4,207,1006.8
2026-10-01T04:50+02:00,9.0,92.5,8.9,220,1006.7
2026-10-01T05:00+02:00,9.1,91.9,8.1,217,1006.7
2026-10-01T05:10+02:00,8.9,90.6,6.6,212,1006.7
2026-10-01T05:20+02:00,8.8,91.8,7.7,212,1006.8
2026-10-01T05:30+02:00,9.1,91.9,10.5,214,1006.7
2026-10-01T05:40+02:00,9.2,91.2,7.7,210,1006.4
2026-10-01T05:50+02:00,9.0,90.9,6.5,224,1006.5
2026-10-01T06:00+02:00,9.4,91.2,6.5,217,1006.6
2026-10-01T06:10+02:00,8.9,92.0,8.2,213,1006.3
2026-10-01T06:20+02:00,9.2,90.3,8.1,230,1006.4
2026-10-01T06:30+02:00,9.1,90.9,7.7,222,1006.1
2026-10-01T06:40+02:00,9.0,90.5,4.6,222,1006.4
2026-10-01T06:50+02:00,8.9,94.2,7.4,216,1006.1
2026-10-01T07:00+02:00,9.0,92.4,2.4,222,1006.2
2026-10-01T07:10+02:00,9.1,90.3,7.3,209,1006.2
2026-10-01T07:20+02:00,8.9,92.3,9.4,221,1006.1
2026-10-01T07:30+02:00,8.9,90.9,7.4,226,1006.1
2026-10-01T07:40+02:00,9.1,93.1,7.1,222,1006.2
2026-10-01T07:50+02:00,9.3,91.0,7.6,220,1005.8
2026-10-01T08:00+02:00,9.1,89.7,7.9,226,1005.9
2026-10-01T08:10+02:00,9.3,90.4,8.6,227,1005.9
2026-10-01T08:20+02:00,9.2,89.9,5.9,230,1005.8
2026-10-01T08:30+02:00,9.4,88.8,7.0,219,1005.9
2026-10-01T08:40+02:00,9.6,89.7,8.2,238,1005.9
2026-10-01T08:50+02:00,9.4,88.6,7.3,230,1005.9
2026-10-01T09:00+02:00,9.9,86.9,9.3,224,1005.8
2026-10-01T09:10+02:00,9.8,86.4,8.6,228,1005.8
2026-10-01T09:20+02:00,10.0,86.2,8.1,228,1005.6
2026-10-01T09:30+02:00,9.9,84.2,9.4,234,1005.6
2026-10-01T09:40+02:00,10.2,84.5,8.2,226,1005.5
2026-10-01T09:50+02:00,10.6,83.9,6.5,238,1005.6
2026-10-01T10:00+02:00,10.7,82.9,12.2,229,1005.5
2026-10-01T10:10+02:00,10.5,81.0,14.3,225,1005.4
2026-10-01T10:20+02:00,10.7,81.7,6.3,235,1005.4
2026-10-01T10:30+02:00,10.9,81.3,17.8,234,1005.4
2026-10-01T10:40+02:00,11.0,80.0,14.5,234,1005.5
2026-10-01T10:50+02:00,11.2,80.1,9.1,231,1005.2
2026-10-01T11:00+02:00,11.6,76.7,10.5,243,1005.2
2026-10-01T11:10+02:00,11.7,77.0,9.0,226,1005.3
2026-10-01T11:20+02:00,12.1,77.2,12.7,235,1005.1
2026-10-01T11:30+02:00,11.8,75.2,12.6,236,1004.9
2026-10-01T11:40+02:00,12.2,76.0,8.9,230,1005.3
2026-10-01T11:50+02:00,12.1,75.8,9.1,235,1005.0
2026-10-01T12:00+02:00,11.9,72.9,9.5,232,1004.8
2026-10-01T12:10+02:00,12.3,71.1,8.0,233,1005.0
2026-10-01T12:20+02:00,12.6,71.3,14.7,221,1005.0
2026-10-01T12:30+02:00,12.6,70.9,10.6,237,1004.8
2026-10-01T12:40+02:00,12.9,74.0,0.8,227,1005.0
2026-10-01T12:50+02:00,12.5,71.2,8.9,241,1005.0
2026-10-01T13:00+02:00,12.8,73.2,13.3,244,1004.7
2026-10-01T13:10+02:00,12.8,,16.2,237,1004.7
2026-10-01T13:20+02:00,12.9,,9.8,237,1004.6
2026-10-01T13:30+02:00,13.1,,6.0,232,1004.4
2026-10-01T13:40+02:00,12.8,70.7,14.4,241,1004.7
2026-10-01T13:50+02:00,13.2,69.2,3.8,231,1004.4
2026-10-01T14:00+02:00,13.1,69.4,11.7,229,1004.6
2026-10-01T14:10+02:00,13.1,71.8,4.9,242,1004.4
2026-10-01T14:20+02:00,12.9,70.0,9.0,246,1004.4
2026-10-01T14:30+02:00,13.1,70.7,19.0,245,1004.5
2026-10-01T14:40+02:00,13.2,71.7,13.1,233,1004.4
2026-10-01T14:50+02:00,13.2,70.3,15.4,238,1004.1
2026-10-01T15:00+02:00,13.0,71.3,9.8,251,1004.1
2026-10-01T15:10+02:00,13.1,68.8,13.3,241,1004.2
2026-10-01T15:20+02:00,13.4,70.6,12.3,249,1004.1
2026-10-01T15:30+02:00,12.6,72.1,12.5,248,1004.1
2026-10-01T15:40+02:00,13.0,71.8,13.8,258,1004.2
2026-10-01T15:50+02:00,12.9,71.1,17.5,251,1004.3
2026-10-01T16:00+02:00,12.8,72.8,7.8,248,1003.9
2026-10-01T16:10+02:00,12.8,69.6,6.9,241,1003.9
2026-10-01T16:20+02:00,12.7,72.1,12.6,249,1003.8
2026-10-01T16:30+02:00,12.9,72.0,14.6,259,1003.8
2026-10-01T16:40+02:00,12.7,70.3,17.6,243,1003.9
2026-10-01T16:50+02:00,12.7,68.5,15.7,255,1003.6
2026-10-01T17:00+02:00,12.6,70.5,15.7,263,1003.6
2026-10-01T17:10+02:00,12.6,72.9,16.8,245,1003.6
2026-10-01T17:20+02:00,12.4,73.2,11.0,246,1003.7
2026-10-01T17:30+02:00,12.5,70.6,10.8,243,1003.5
2026-10-01T17:40+02:00,12.5,72.3,8.2,244,1003.7
2026-10-01T17:50+02:00,12.3,71.0,10.1,251,1003.7
2026-10-01T18:00+02:00,12.7,74.2,12.2,254,1003.5
2026-10-01T18:10+02:00,12.7,72.8,17.9,263,1003.4
2026-10-01T18:20+02:00,12.4,73.4,14.5,258,1003.6
2026-10-01T18:30+02:00,12.4,74.3,16.8,250,1003.6
2026-10-01T18:40+02:00,12.0,74.6,5.1,253,1003.1
2026-10-01T18:50+02:00,12.5,74.6,13.3,256,1003.3
2026-10-01T19:00+02:00,12.3,73.8,14.4,248,1003.2
2026-10-01T19:10+02:00,12.2,73.4,8.9,254,1003.2
2026-10-01T19:20+02:00,12.2,74.8,12.8,262,1003.3
2026-10-01T19:30+02:00,11.7,73.5,11.2,258,1003.2
2026-10-01T19:40+02:00,12.0,74.2,7.2,262,1002.9
2026-10-01T19:50+02:00,11.9,76.7,11.7,252,1003.2
2026-10-01T20:00+02:00,12.0,77.3,12.9,265,1002.9
2026-10-01T20:10+02:00,11.9,76.1,15.9,257,1003.1
2026-10-01T20:20+02:00,11.8,74.4,6.1,261,1003.1
2026-10-01T20:30+02:00,11.8,75.6,8.0,257,1002.9
2026-10-01T20:40+02:00,11.7,78.5,16.4,262,1003.1
2026-10-01T20:50+02:00,11.7,77.0,7.4,259,1002.7
2026-10-01T21:00+02:00,11.3,78.4,10.8,267,1002.7
2026-10-01T21:10+02:00,11.5,78.2,13.8,270,1002.7
2026-10-01T21:20+02:00,11.3,78.9,13.6,260,1002.8
2026-10-01T21:30+02:00,11.1,78.0,12.2,258,1002.7
2026-10-01T21:40+02:00,11.4,79.7,9.7,265,1002.7
2026-10-01T21:50+02:00,11.2,76.9,9.6,263,1002.8
2026-10-01T22:00+02:00,11.4,77.4,16.0,262,1002.6
2026-10-01T22:10+02:00,11.1,80.6,9.5,267,1002.4
2026-10-01T22:20+02:00,11.2,81.1,17.0,269,1002.4
2026-10-01T22:30+02:00,11.2,80.8,9.0,266,1002.3
2026-10-01T22:40+02:00,11.1,80.1,10.2,262,1002.4
2026-10-01T22:50+02:00,10.9,82.0,5.3,261,1002.4
2026-10-01T23:00+02:00,10.7,80.3,9.4,265,1002.1
2026-10-01T23:10+02:00,10.7,81.3,12.5,274,1002.4
2026-10-01T23:20+02:00,10.7,83.2,11.6,271,1002.3
2026-10-01T23:30+02:00,10.5,81.4,10.3,262,1002.2
2026-10-01T23:40+02:00,10.8,81.7,10.8,263,1002.1
2026-10-01T23:50+02:00,10.4,81.2,9.0,266,1002.1
2026-10-02T00:00+02:00,10.4,83.5,9.9,183,1001.9
